RedFighter,BlueFighter,RedOdds,BlueOdds,Winner,RedStrikingAcc,RedTakedownDef,RedHeight,RedReach,RedStance,BlueStrikingAcc,BlueTakedownDef,BlueHeight,BlueReach,BlueStance
Alexandre Pantoja,Kai Asakura,-250,215,Red,50%,68%,"65"" ","67""",Orthodox,58%,57%,"68"" ","69""",Orthodox
Jon Jones,Stipe Miocic,-550,410,Red,58%,95%,"76"" ","84""",Orthodox,52%,65%,"76"" ","80""",Orthodox
Ilia Topuria,Max Holloway,-305,245,Red,47%,92%,"67"" ","69""",Orthodox,47%,83%,"71"" ","69""",Orthodox
Alex Pereira,Khalil Rountree Jr.,-425,330,Red,62%,78%,"76"" ","79""",Orthodox,38%,58%,"73"" ","76""",Southpaw
Raquel Pennington,Julianna Pena,-155,130,Blue,49%,62%,"67"" ","67""",Orthodox,44%,23%,"66"" ","69""",Orthodox
Sean O'Malley,Merab Dvalishvili,100,-120,Blue,61%,61%,"71"" ","72""",Switch,42%,82%,"66"" ","68""",Orthodox
Alexa Grasso,Valentina Shevchenko,-130,110,Blue,41%,54%,"65"" ","66""",Orthodox,52%,71%,"65"" ","66""",Southpaw
Dricus Du Plessis,Israel Adesanya,-120,100,Red,48%,50%,"73"" ","76""",Switch,48%,76%,"76"" ","80""",Switch
Leon Edwards,Belal Muhammad,-270,200,Blue,54%,63%,"74"" ","74""",Southpaw,43%,89%,"71"" ","72""",Orthodox
Tom Aspinall,Curtis Blaydes,-425,300,Red,67%,100%,"77"" ","78""",Orthodox,50%,31%,"76"" ","80""",Orthodox
Alex Pereira,Jiri Prochazka,-145,114,Red,62%,78%,"76"" ","79""",Orthodox,55%,68%,"75"" ","80""",Orthodox
Islam Makhachev,Dustin Poirier,,,Red,58%,90%,"70"" ","70""",Southpaw,50%,64%,"69"" ","72""",Southpaw
Alexandre Pantoja,Steve Erceg,-180,150,Red,50%,68%,"65"" ","67""",Orthodox,46%,63%,"68"" ","68""",Orthodox
Alex Pereira,Jamahal Hill,-130,110,Red,62%,78%,"76"" ","79""",Orthodox,53%,73%,"76"" ","79""",Southpaw
Zhang Weili,Yan Xiaonan,-455,350,Red,53%,74%,"64"" ","63""",Switch,45%,63%,"65"" ","63""",Orthodox
Sean O'Malley,Marlon Vera,-290,235,Red,61%,61%,"71"" ","72""",Switch,49%,72%,"68"" ","70""",Switch
Alexander Volkanovski,Ilia Topuria,-142,120,Blue,56%,70%,"66"" ","71""",Orthodox,47%,92%,"67"" ","69""",Orthodox
Sean Strickland,Dricus Du Plessis,-108,-112,Blue,42%,76%,"73"" ","76""",Orthodox,48%,50%,"73"" ","76""",Switch
Raquel Pennington,Mayra Bueno Silva,142,-170,Red,49%,62%,"67"" ","67""",Orthodox,58%,63%,"66"" ","66""",Orthodox
Leon Edwards,Colby Covington,,,Red,54%,63%,"74"" ","74""",Southpaw,38%,68%,"71"" ","72""",Orthodox
Alexandre Pantoja,Brandon Royval,,,Red,50%,68%,"65"" ","67""",Orthodox,39%,45%,"69"" ","68""",Southpaw
Jiri Prochazka,Alex Pereira,-105,-125,Blue,55%,68%,"75"" ","80""",Orthodox,62%,78%,"76"" ","79""",Orthodox
Sergei Pavlovich,Tom Aspinall,110,-130,Blue,43%,75%,"75"" ","84""",Southpaw,67%,100%,"77"" ","78""",Orthodox
Islam Makhachev,Alexander Volkanovski,-350,220,Red,58%,90%,"70"" ","70""",Southpaw,56%,70%,"66"" ","71""",Orthodox
Israel Adesanya,Sean Strickland,-550,410,Blue,48%,76%,"76"" ","80""",Switch,42%,76%,"73"" ","76""",Orthodox
Aljamain Sterling,Sean O'Malley,-258,210,Blue,52%,42%,"67"" ","71""",Orthodox,61%,61%,"71"" ","72""",Switch
Zhang Weili,Amanda Lemos,-310,250,Red,53%,74%,"64"" ","63""",Switch,54%,59%,"64"" ","65""",Southpaw
Alexander Volkanovski,Yair Rodriguez,,,Red,56%,70%,"66"" ","71""",Orthodox,46%,58%,"71"" ","71""",Orthodox
Brandon Moreno,Alexandre Pantoja,,,Blue,44%,64%,"67"" ","70""",Orthodox,50%,68%,"65"" ","67""",Orthodox
Amanda Nunes,Irene Aldana,-335,270,Red,51%,82%,"68"" ","69""",Orthodox,39%,77%,"69"" ","68""",Orthodox
Aljamain Sterling,Henry Cejudo,-120,100,Red,52%,42%,"67"" ","71""",Orthodox,47%,76%,"64"" ","64""",Orthodox
Alex Pereira,Israel Adesanya,,,Blue,62%,78%,"76"" ","79""",Orthodox,48%,76%,"76"" ","80""",Switch
Leon Edwards,Kamaru Usman,205,-245,Red,54%,63%,"74"" ","74""",Southpaw,52%,89%,"72"" ","76""",Switch
Jon Jones,Ciryl Gane,-155,135,Red,58%,95%,"76"" ","84""",Orthodox,61%,43%,"76"" ","81""",Orthodox
Valentina Shevchenko,Alexa Grasso,-600,450,Blue,52%,71%,"65"" ","66""",Southpaw,41%,54%,"65"" ","66""",Orthodox
Islam Makhachev,Alexander Volkanovski,-365,300,Red,58%,90%,"70"" ","70""",Southpaw,56%,70%,"66"" ","71""",Orthodox
Yair Rodriguez,Josh Emmett,-180,155,Red,46%,58%,"71"" ","71""",Orthodox,35%,46%,"66"" ","70""",Orthodox
Jeka Saragih,Anshul Jubli,-155,135,Blue,50%,66%,"68"" ","69""",Orthodox,46%,63%,"72"" ","69""",Switch
JeongYeong Lee,Yizha,-215,185,Red,52%,76%,"70"" ","73""",Orthodox,44%,54%,"67"" ","71""",Orthodox
Toshiomi Kazama,Rinya Nakamura,450,-600,Blue,53%,66%,"67"" ","69""",Orthodox,51%,100%,"67"" ","68""",Southpaw
SeungGuk Choi,HyunSung Park,185,-215,Blue,42%,74%,"66"" ","64""",Orthodox,44%,100%,"67"" ","66""",Orthodox
Glover Teixeira,Jamahal Hill,125,-145,Blue,49%,60%,"74"" ","76""",Orthodox,53%,73%,"76"" ","79""",Southpaw
Deiveson Figueiredo,Brandon Moreno,,,Blue,54%,60%,"65"" ","68""",Orthodox,44%,64%,"67"" ","70""",Orthodox
Israel Adesanya,Alex Pereira,-210,180,Blue,48%,76%,"76"" ","80""",Switch,62%,78%,"76"" ","79""",Orthodox
Carla Esparza,Zhang Weili,,,Blue,39%,47%,"61"" ","63""",Orthodox,53%,74%,"64"" ","63""",Switch
Charles Oliveira,Islam Makhachev,175,-205,Blue,55%,56%,"70"" ","74""",Orthodox,58%,90%,"70"" ","70""",Southpaw
Aljamain Sterling,TJ Dillashaw,-180,155,Red,52%,42%,"67"" ","71""",Orthodox,41%,77%,"66"" ","67""",Orthodox
Kamaru Usman,Leon Edwards,-315,260,Blue,52%,89%,"72"" ","76""",Switch,54%,63%,"74"" ","74""",Southpaw
Julianna Pena,Amanda Nunes,205,-245,Blue,44%,23%,"66"" ","69""",Orthodox,51%,82%,"68"" ","69""",Orthodox
Brandon Moreno,Kai Kara-France,-210,180,Red,44%,64%,"67"" ","70""",Orthodox,39%,88%,"64"" ","69""",Orthodox
Israel Adesanya,Jared Cannonier,-540,420,Red,48%,76%,"76"" ","80""",Switch,50%,64%,"71"" ","77""",Switch
Alexander Volkanovski,Max Holloway,-180,155,Red,56%,70%,"66"" ","71""",Orthodox,47%,83%,"71"" ","69""",Orthodox
Glover Teixeira,Jiri Prochazka,185,-225,Blue,49%,60%,"74"" ","76""",Orthodox,55%,68%,"75"" ","80""",Orthodox
Valentina Shevchenko,Taila Santos,-630,450,Red,52%,71%,"65"" ","66""",Southpaw,48%,86%,"66"" ","68""",Orthodox
Rose Namajunas,Carla Esparza,-235,190,Blue,42%,61%,"65"" ","65""",Orthodox,39%,47%,"61"" ","63""",Orthodox
Alexander Volkanovski,Chan Sung Jung,-600,435,Red,56%,70%,"66"" ","71""",Orthodox,41%,72%,"67"" ","72""",Orthodox
Aljamain Sterling,Petr Yan,310,-410,Red,52%,42%,"67"" ","71""",Orthodox,54%,84%,"67"" ","67""",Switch
Israel Adesanya,Robert Whittaker,-310,245,Red,48%,76%,"76"" ","80""",Switch,43%,81%,"72"" ","73""",Orthodox
Francis Ngannou,Ciryl Gane,135,-160,Red,41%,71%,"76"" ","83""",Orthodox,61%,43%,"76"" ","81""",Orthodox
Brandon Moreno,Deiveson Figueiredo,-195,165,Blue,44%,64%,"67"" ","70""",Orthodox,54%,60%,"65"" ","68""",Orthodox
Charles Oliveira,Dustin Poirier,110,-130,Red,55%,56%,"70"" ","74""",Orthodox,50%,64%,"69"" ","72""",Southpaw
Amanda Nunes,Julianna Pena,-1125,700,Blue,51%,82%,"68"" ","69""",Orthodox,44%,23%,"66"" ","69""",Orthodox
Kamaru Usman,Colby Covington,-320,250,Red,52%,89%,"72"" ","76""",Switch,38%,68%,"71"" ","72""",Orthodox
Rose Namajunas,Zhang Weili,100,-120,Red,42%,61%,"65"" ","65""",Orthodox,53%,74%,"64"" ","63""",Switch
Jan Blachowicz,Glover Teixeira,-265,215,Blue,49%,69%,"74"" ","78""",Orthodox,49%,60%,"74"" ","76""",Orthodox
Petr Yan,Cory Sandhagen,-305,240,Red,54%,84%,"67"" ","67""",Switch,44%,63%,"71"" ","70""",Switch
Alexander Volkanovski,Brian Ortega,-180,155,Red,56%,70%,"66"" ","71""",Orthodox,37%,55%,"68"" ","69""",Switch
Valentina Shevchenko,Lauren Murphy,-1375,800,Red,52%,71%,"65"" ","66""",Southpaw,39%,69%,"65"" ","67""",Orthodox
Derrick Lewis,Ciryl Gane,250,-320,Blue,50%,52%,"75"" ","79""",Orthodox,61%,43%,"76"" ","81""",Orthodox
Israel Adesanya,Marvin Vettori,-235,185,Red,48%,76%,"76"" ","80""",Switch,46%,69%,"72"" ","74""",Southpaw
Deiveson Figueiredo,Brandon Moreno,-195,150,Blue,54%,60%,"65"" ","68""",Orthodox,44%,64%,"67"" ","70""",Orthodox
Charles Oliveira,Michael Chandler,-130,110,Red,55%,56%,"70"" ","74""",Orthodox,50%,63%,"68"" ","71""",Orthodox
Kamaru Usman,Jorge Masvidal,-320,260,Red,52%,89%,"72"" ","76""",Switch,47%,72%,"71"" ","74""",Orthodox
Zhang Weili,Rose Namajunas,-200,170,Blue,53%,74%,"64"" ","63""",Switch,42%,61%,"65"" ","65""",Orthodox
Valentina Shevchenko,Jessica Andrade,-450,360,Red,52%,71%,"65"" ","66""",Southpaw,50%,72%,"61"" ","62""",Orthodox
Stipe Miocic,Francis Ngannou,117,-137,Blue,52%,65%,"76"" ","80""",Orthodox,41%,71%,"76"" ","83""",Orthodox
Jan Blachowicz,Israel Adesanya,205,-245,Red,49%,69%,"74"" ","78""",Orthodox,48%,76%,"76"" ","80""",Switch
Amanda Nunes,Megan Anderson,-700,500,Red,51%,82%,"68"" ","69""",Orthodox,46%,53%,"72"" ","72""",Orthodox
Petr Yan,Aljamain Sterling,-122,102,Blue,54%,84%,"67"" ","67""",Switch,52%,42%,"67"" ","71""",Orthodox
Kamaru Usman,Gilbert Burns,-278,228,Red,52%,89%,"72"" ","76""",Switch,48%,53%,"70"" ","71""",Orthodox
Khabib Nurmagomedov,Justin Gaethje,-315,255,Red,48%,84%,"70"" ","70""",Orthodox,58%,68%,"71"" ","70""",Orthodox
Israel Adesanya,Paulo Costa,-186,151,Red,48%,76%,"76"" ","80""",Switch,58%,80%,"73"" ","72""",Orthodox
Dominick Reyes,Jan Blachowicz,-265,215,Blue,54%,82%,"76"" ","77""",Southpaw,49%,69%,"74"" ","78""",Orthodox
Stipe Miocic,Daniel Cormier,-106,-112,Red,52%,65%,"76"" ","80""",Orthodox,52%,80%,"71"" ","72""",Orthodox
Deiveson Figueiredo,Joseph Benavidez,-225,180,Red,54%,60%,"65"" ","68""",Orthodox,34%,62%,"64"" ","65""",Southpaw
Kamaru Usman,Jorge Masvidal,-240,190,Red,52%,89%,"72"" ","76""",Switch,47%,72%,"71"" ","74""",Orthodox
Alexander Volkanovski,Max Holloway,-210,170,Red,56%,70%,"66"" ","71""",Orthodox,47%,83%,"71"" ","69""",Orthodox
Petr Yan,Jose Aldo,-215,175,Red,54%,84%,"67"" ","67""",Switch,46%,92%,"67"" ","70""",Orthodox
Amanda Nunes,Felicia Spencer,-600,450,Red,51%,82%,"68"" ","69""",Orthodox,48%,27%,"66"" ","68""",Orthodox
Tony Ferguson,Justin Gaethje,-180,158,Blue,45%,66%,"71"" ","76""",Orthodox,58%,68%,"71"" ","70""",Orthodox
Henry Cejudo,Dominick Cruz,-225,185,Red,47%,76%,"64"" ","64""",Orthodox,33%,83%,"68"" ","68""",Orthodox
Israel Adesanya,Yoel Romero,-260,240,Red,48%,76%,"76"" ","80""",Switch,49%,78%,"72"" ","73""",Southpaw
Zhang Weili,Joanna Jedrzejczyk,-185,170,Red,53%,74%,"64"" ","63""",Switch,48%,80%,"66"" ","65""",Orthodox
Joseph Benavidez,Deiveson Figueiredo,-150,130,Blue,34%,62%,"64"" ","65""",Southpaw,54%,60%,"65"" ","68""",Orthodox
Jon Jones,Dominick Reyes,-460,365,Red,58%,95%,"76"" ","84""",Orthodox,54%,82%,"76"" ","77""",Southpaw
Valentina Shevchenko,Katlyn Chookagian,-920,610,Red,52%,71%,"65"" ","66""",Southpaw,34%,50%,"69"" ","68""",Orthodox
Kamaru Usman,Colby Covington,-190,165,Red,52%,89%,"72"" ","76""",Switch,38%,68%,"71"" ","72""",Orthodox
Max Holloway,Alexander Volkanovski,-200,170,Blue,47%,83%,"71"" ","69""",Orthodox,56%,70%,"66"" ","71""",Orthodox
Amanda Nunes,Germaine de Randamie,-460,365,Red,51%,82%,"68"" ","69""",Orthodox,46%,65%,"69"" ","71""",Orthodox
Robert Whittaker,Israel Adesanya,110,-130,Blue,43%,81%,"72"" ","73""",Orthodox,48%,76%,"76"" ","80""",Switch
Khabib Nurmagomedov,Dustin Poirier,-400,325,Red,48%,84%,"70"" ","70""",Orthodox,50%,64%,"69"" ","72""",Southpaw
Jessica Andrade,Zhang Weili,-200,170,Blue,50%,72%,"61"" ","62""",Orthodox,53%,74%,"64"" ","63""",Switch
Daniel Cormier,Stipe Miocic,-145,125,Blue,52%,80%,"71"" ","72""",Orthodox,52%,65%,"76"" ","80""",Orthodox
Valentina Shevchenko,Liz Carmouche,-1100,700,Red,52%,71%,"65"" ","66""",Southpaw,54%,65%,"66"" ","66""",Orthodox
Max Holloway,Frankie Edgar,-335,275,Red,47%,83%,"71"" ","69""",Orthodox,40%,65%,"66"" ","68""",Orthodox
Jon Jones,Thiago Santos,-670,485,Red,58%,95%,"76"" ","84""",Orthodox,48%,65%,"74"" ","76""",Orthodox
Amanda Nunes,Holly Holm,-360,300,Red,51%,82%,"68"" ","69""",Orthodox,40%,76%,"68"" ","69""",Southpaw
Henry Cejudo,Marlon Moraes,145,-165,Red,47%,76%,"64"" ","64""",Orthodox,40%,46%,"66"" ","67""",Orthodox
Valentina Shevchenko,Jessica Eye,-1100,700,Red,52%,71%,"65"" ","66""",Southpaw,37%,57%,"66"" ","66""",Orthodox
Rose Namajunas,Jessica Andrade,120,-140,Blue,42%,61%,"65"" ","65""",Orthodox,50%,72%,"61"" ","62""",Orthodox
Max Holloway,Dustin Poirier,-220,180,Blue,47%,83%,"71"" ","69""",Orthodox,50%,64%,"69"" ","72""",Southpaw
Kelvin Gastelum,Israel Adesanya,150,-170,Blue,42%,59%,"69"" ","71""",Southpaw,48%,76%,"76"" ","80""",Switch
Jon Jones,Anthony Smith,-800,550,Red,58%,95%,"76"" ","84""",Orthodox,49%,50%,"76"" ","76""",Orthodox
Tyron Woodley,Kamaru Usman,-190,165,Blue,48%,87%,"69"" ","74""",Orthodox,52%,89%,"72"" ","76""",Switch
Henry Cejudo,TJ Dillashaw,185,-225,Red,47%,76%,"64"" ","64""",Orthodox,41%,77%,"66"" ","67""",Orthodox
Jon Jones,Alexander Gustafsson,-290,245,Red,58%,95%,"76"" ","84""",Orthodox,40%,83%,"77"" ","79""",Orthodox
Cris Cyborg,Amanda Nunes,-210,175,Blue,52%,94%,"68"" ","68""",Orthodox,51%,82%,"68"" ","69""",Orthodox
Max Holloway,Brian Ortega,-110,-110,Red,47%,83%,"71"" ","69""",Orthodox,37%,55%,"68"" ","69""",Switch
Valentina Shevchenko,Joanna Jedrzejczyk,-300,250,Red,52%,71%,"65"" ","66""",Southpaw,48%,80%,"66"" ","65""",Orthodox
Juan Espino,Justin Frazier,-175,155,Red,70%,50%,"75"" ","80""",Orthodox,66%,0%,"72"" ","75""",Southpaw
Pannie Kianzad,Macy Chiasson,-115,-105,Blue,49%,65%,"67"" ","66""",Orthodox,46%,70%,"71"" ","72""",Orthodox
Daniel Cormier,Derrick Lewis,-380,315,Red,52%,80%,"71"" ","72""",Orthodox,50%,52%,"75"" ","79""",Orthodox
Khabib Nurmagomedov,Conor McGregor,-190,165,Red,48%,84%,"70"" ","70""",Orthodox,49%,66%,"69"" ","74""",Southpaw
Tyron Woodley,Darren Till,-105,-115,Red,48%,87%,"69"" ","74""",Orthodox,46%,69%,"72"" ","74""",Southpaw
TJ Dillashaw,Cody Garbrandt,-125,105,Red,41%,77%,"66"" ","67""",Orthodox,40%,80%,"68"" ","65""",Orthodox
Demetrious Johnson,Henry Cejudo,-470,375,Blue,54%,65%,"63"" ","66""",Orthodox,47%,76%,"64"" ","64""",Orthodox
Stipe Miocic,Daniel Cormier,-160,140,Blue,52%,65%,"76"" ","80""",Orthodox,52%,80%,"71"" ","72""",Orthodox
Michael Trizano,Joe Giannetti,130,-150,Red,53%,72%,"71"" ","71""",Orthodox,38%,0%,"72"" ","74""",Southpaw
Jay Cucciniello,Brad Katona,220,-260,Blue,21%,71%,"67"" ",--,Orthodox,52%,61%,"66"" ","64""",Orthodox
Rafael Dos Anjos,Colby Covington,115,-135,Blue,47%,54%,"68"" ","70""",Southpaw,38%,68%,"71"" ","72""",Orthodox
Amanda Nunes,Raquel Pennington,-700,500,Red,51%,82%,"68"" ","69""",Orthodox,49%,62%,"67"" ","67""",Orthodox
Khabib Nurmagomedov,Al Iaquinta,-640,470,Red,48%,84%,"70"" ","70""",Orthodox,40%,74%,"70"" ","70""",Orthodox
Rose Namajunas,Joanna Jedrzejczyk,-110,-110,Red,42%,61%,"65"" ","65""",Orthodox,48%,80%,"66"" ","65""",Orthodox
Cris Cyborg,Yana Santos,-1000,650,Red,52%,94%,"68"" ","68""",Orthodox,58%,42%,"66"" ","68""",Orthodox
Yoel Romero,Luke Rockhold,160,-185,Red,49%,78%,"72"" ","73""",Southpaw,49%,65%,"75"" ","77""",Southpaw
Stipe Miocic,Francis Ngannou,150,-170,Red,52%,65%,"76"" ","80""",Orthodox,41%,71%,"76"" ","83""",Orthodox
Daniel Cormier,Volkan Oezdemir,-345,285,Red,52%,80%,"71"" ","72""",Orthodox,48%,80%,"74"" ","75""",Orthodox
Cris Cyborg,Holly Holm,-325,265,Red,52%,94%,"68"" ","68""",Orthodox,40%,76%,"68"" ","69""",Southpaw
Max Holloway,Jose Aldo,-260,220,Red,47%,83%,"71"" ","69""",Orthodox,46%,92%,"67"" ","70""",Orthodox
Nicco Montano,Roxanne Modafferi,-210,175,Red,41%,69%,"65"" ","65""",Southpaw,30%,30%,"67"" ","69""",Orthodox
Michael Bisping,Georges St-Pierre,-120,100,Blue,38%,63%,"73"" ","75""",Orthodox,53%,83%,"71"" ","76""",Orthodox
Cody Garbrandt,TJ Dillashaw,-210,175,Blue,40%,80%,"68"" ","65""",Orthodox,41%,77%,"66"" ","67""",Orthodox
Joanna Jedrzejczyk,Rose Namajunas,-700,500,Blue,48%,80%,"66"" ","65""",Orthodox,42%,61%,"65"" ","65""",Orthodox
Tony Ferguson,Kevin Lee,-290,245,Red,45%,66%,"71"" ","76""",Orthodox,42%,75%,"69"" ","77""",Orthodox
Demetrious Johnson,Ray Borg,-1000,650,Red,54%,65%,"63"" ","66""",Orthodox,52%,46%,"64"" ","63""",Orthodox
Amanda Nunes,Valentina Shevchenko,125,-145,Red,51%,82%,"68"" ","69""",Orthodox,52%,71%,"65"" ","66""",Southpaw
Tyron Woodley,Demian Maia,-220,180,Red,48%,87%,"69"" ","74""",Orthodox,43%,61%,"73"" ","72""",Southpaw
Cris Cyborg,Tonya Evinger,-1250,800,Red,52%,94%,"68"" ","68""",Orthodox,42%,33%,"67"" ","70""",Orthodox
Yoel Romero,Robert Whittaker,110,-130,Blue,49%,78%,"72"" ","73""",Southpaw,43%,81%,"72"" ","73""",Orthodox
Dhiego Lima,Jesse Taylor,150,-170,Blue,39%,73%,"74"" ","75""",Orthodox,65%,100%,"72"" ","73""",Orthodox
Jose Aldo,Max Holloway,-145,125,Blue,46%,92%,"67"" ","70""",Orthodox,47%,83%,"71"" ","69""",Orthodox
Stipe Miocic,Junior Dos Santos,-165,145,Red,52%,65%,"76"" ","80""",Orthodox,47%,81%,"76"" ","77""",Orthodox
Joanna Jedrzejczyk,Jessica Andrade,-190,165,Red,48%,80%,"66"" ","65""",Orthodox,50%,72%,"61"" ","62""",Orthodox
Demetrious Johnson,Wilson Reis,-1100,700,Red,54%,65%,"63"" ","66""",Orthodox,29%,47%,"64"" ","65""",Southpaw
Daniel Cormier,Anthony Johnson,120,-140,Red,52%,80%,"71"" ","72""",Orthodox,47%,77%,"74"" ","78""",Orthodox
Tyron Woodley,Stephen Thompson,120,-140,Red,48%,87%,"69"" ","74""",Orthodox,46%,63%,"72"" ","75""",Orthodox
Holly Holm,Germaine de Randamie,100,-130,Blue,40%,76%,"68"" ","69""",Southpaw,46%,65%,"69"" ","71""",Orthodox
Amanda Nunes,Ronda Rousey,165,-190,Red,51%,82%,"68"" ","69""",Orthodox,52%,50%,"67"" ","66""",Orthodox
Dominick Cruz,Cody Garbrandt,-245,205,Blue,33%,83%,"68"" ","68""",Orthodox,40%,80%,"68"" ","65""",Orthodox
Max Holloway,Anthony Pettis,-300,250,Red,47%,83%,"71"" ","69""",Orthodox,47%,60%,"70"" ","72""",Orthodox
Demetrious Johnson,Tim Elliott,-900,600,Red,54%,65%,"63"" ","66""",Orthodox,44%,59%,"67"" ","66""",Southpaw
Eddie Alvarez,Conor McGregor,140,-160,Blue,41%,92%,"69"" ","69""",Orthodox,49%,66%,"69"" ","74""",Southpaw
Joanna Jedrzejczyk,Karolina Kowalkiewicz,-400,325,Red,48%,80%,"66"" ","65""",Orthodox,43%,74%,"63"" ","64""",Orthodox
Martin Bravo,Claudio Puelles,-105,-115,Red,39%,85%,"68"" ","71""",Southpaw,49%,60%,"70"" ","72""",Southpaw
Michael Bisping,Dan Henderson,-260,220,Red,38%,63%,"73"" ","75""",Orthodox,47%,57%,"71"" ","74""",Orthodox
Stipe Miocic,Alistair Overeem,-145,125,Red,52%,65%,"76"" ","80""",Orthodox,64%,73%,"76"" ","80""",Orthodox
Robbie Lawler,Tyron Woodley,-120,100,Blue,47%,65%,"71"" ","74""",Southpaw,48%,87%,"69"" ","74""",Orthodox
Miesha Tate,Amanda Nunes,265,-325,Blue,45%,55%,"66"" ","65""",Orthodox,51%,82%,"68"" ","69""",Orthodox
Jose Aldo,Frankie Edgar,120,-140,Red,46%,92%,"67"" ","70""",Orthodox,40%,65%,"66"" ","68""",Orthodox
Joanna Jedrzejczyk,Claudia Gadelha,-130,110,Red,48%,80%,"66"" ","65""",Orthodox,41%,58%,"64"" ","63""",Orthodox
Andrew Sanchez,Khalil Rountree Jr.,-160,140,Red,43%,100%,"73"" ","74""",Orthodox,38%,58%,"73"" ","76""",Southpaw
Tatiana Suarez,Amanda Cooper,-370,310,Red,61%,80%,"65"" ","66""",Southpaw,44%,28%,"63"" ","64""",Switch
Rafael Dos Anjos,Eddie Alvarez,-290,245,Blue,47%,54%,"68"" ","70""",Southpaw,41%,92%,"69"" ","69""",Orthodox
Luke Rockhold,Michael Bisping,-750,525,Blue,49%,65%,"75"" ","77""",Southpaw,38%,63%,"73"" ","75""",Orthodox
Dominick Cruz,Urijah Faber,-380,315,Red,33%,83%,"68"" ","68""",Orthodox,40%,58%,"66"" ","67""",Orthodox
Fabricio Werdum,Stipe Miocic,-185,160,Blue,52%,31%,"76"" ","77""",Orthodox,52%,65%,"76"" ","80""",Orthodox
Jon Jones,Ovince Saint Preux,-720,510,Red,58%,95%,"76"" ","84""",Orthodox,47%,67%,"75"" ","80""",Southpaw
Demetrious Johnson,Henry Cejudo,-340,280,Red,54%,65%,"63"" ","66""",Orthodox,47%,76%,"64"" ","64""",Orthodox
Holly Holm,Miesha Tate,-300,250,Blue,40%,76%,"68"" ","69""",Southpaw,45%,55%,"66"" ","65""",Orthodox
TJ Dillashaw,Dominick Cruz,-155,135,Blue,41%,77%,"66"" ","67""",Orthodox,33%,83%,"68"" ","68""",Orthodox
Robbie Lawler,Carlos Condit,-115,-105,Red,47%,65%,"71"" ","74""",Southpaw,39%,38%,"74"" ","75""",Orthodox
Rafael Dos Anjos,Donald Cerrone,-170,150,Red,47%,54%,"68"" ","70""",Southpaw,46%,73%,"73"" ","73""",Orthodox
Jose Aldo,Conor McGregor,-115,-105,Blue,46%,92%,"67"" ","70""",Orthodox,49%,66%,"69"" ","74""",Southpaw
Chris Weidman,Luke Rockhold,-150,130,Blue,45%,72%,"74"" ","78""",Orthodox,49%,65%,"75"" ","77""",Southpaw
Artem Lobov,Ryan Hall,-165,145,Blue,41%,52%,"69"" ","65""",Southpaw,50%,0%,"70"" ","70""",Southpaw
Erick Montano,Enrique Marin,-230,190,Red,44%,66%,"72"" ","73""",Orthodox,33%,60%,"70"" ",--,
Horacio Gutierrez,Enrique Barzola,-210,175,Blue,26%,50%,"70"" ",--,,41%,66%,"67"" ","70""",Orthodox
Ronda Rousey,Holly Holm,-750,525,Blue,52%,50%,"67"" ","66""",Orthodox,40%,76%,"68"" ","69""",Southpaw
Joanna Jedrzejczyk,Valerie Letourneau,-1400,925,Red,48%,80%,"66"" ","65""",Orthodox,37%,66%,"67"" ","68""",Orthodox
Daniel Cormier,Alexander Gustafsson,-255,215,Red,52%,80%,"71"" ","72""",Orthodox,40%,83%,"77"" ","79""",Orthodox
Demetrious Johnson,John Dodson,-560,430,Red,54%,65%,"63"" ","66""",Orthodox,40%,82%,"63"" ","66""",Orthodox
Ronda Rousey,Bethe Correia,-1700,1100,Red,52%,50%,"67"" ","66""",Orthodox,43%,85%,"65"" ","64""",Orthodox
Glaico Franca,Fernando Bruno,-210,175,Red,42%,76%,"72"" ","77""",Orthodox,39%,56%,"66"" ",--,
Reginaldo Vieira,Dileno Lopes,360,-450,Red,40%,25%,"67"" ","65""",Orthodox,36%,100%,"65"" ",--,
TJ Dillashaw,Renan Barao,-200,170,Red,41%,77%,"66"" ","67""",Orthodox,36%,91%,"66"" ","70""",Orthodox
Kamaru Usman,Hayder Hassan,-240,200,Red,52%,89%,"72"" ","76""",Switch,46%,25%,"70"" ",--,
Chad Mendes,Conor McGregor,165,-190,Blue,49%,100%,"66"" ","66""",Orthodox,49%,66%,"69"" ","74""",Southpaw
Robbie Lawler,Rory MacDonald,145,-165,Red,47%,65%,"71"" ","74""",Southpaw,42%,88%,"72"" ","76""",Orthodox
Joanna Jedrzejczyk,Jessica Penne,-900,600,Red,48%,80%,"66"" ","65""",Orthodox,33%,36%,"65"" ","67""",Orthodox
Cain Velasquez,Fabricio Werdum,-460,365,Blue,57%,85%,"73"" ","77""",Orthodox,52%,31%,"76"" ","77""",Orthodox
Anthony Johnson,Daniel Cormier,-120,100,Blue,47%,77%,"74"" ","78""",Orthodox,52%,80%,"71"" ","72""",Orthodox
Chris Weidman,Vitor Belfort,-420,335,Red,45%,72%,"74"" ","78""",Orthodox,46%,53%,"72"" ","74""",Southpaw
Demetrious Johnson,Kyoji Horiguchi,-980,640,Red,54%,65%,"63"" ","66""",Orthodox,45%,55%,"65"" ","66""",Orthodox
Anthony Pettis,Rafael Dos Anjos,-450,400,Blue,47%,60%,"70"" ","72""",Orthodox,47%,54%,"68"" ","70""",Southpaw
Carla Esparza,Joanna Jedrzejczyk,-160,140,Blue,39%,47%,"61"" ","63""",Orthodox,48%,80%,"66"" ","65""",Orthodox
Ronda Rousey,Cat Zingano,-660,540,Red,52%,50%,"67"" ","66""",Orthodox,61%,42%,"66"" ","68""",Southpaw
Jon Jones,Daniel Cormier,-192,177,Red,58%,95%,"76"" ","84""",Orthodox,52%,80%,"71"" ","72""",Orthodox
Carla Esparza,Rose Namajunas,-110,-110,Red,39%,47%,"61"" ","63""",Orthodox,42%,61%,"65"" ","65""",Orthodox
Johny Hendricks,Robbie Lawler,-220,200,Blue,45%,63%,"69"" ","69""",Southpaw,47%,65%,"71"" ","74""",Southpaw
Anthony Pettis,Gilbert Melendez,-315,285,Red,47%,60%,"70"" ","72""",Orthodox,33%,71%,"69"" ","73""",Orthodox
Fabricio Werdum,Mark Hunt,-430,380,Red,52%,31%,"76"" ","77""",Orthodox,43%,64%,"70"" ","72""",Orthodox
Yair Rodriguez,Leonardo Morales,-230,210,Red,46%,58%,"71"" ","71""",Orthodox,47%,62%,"68"" ",--,Southpaw
Luke Rockhold,Jose Quinonez,215,-235,Red,49%,65%,"75"" ","77""",Southpaw,45%,42%,"68"" ","69""",Southpaw
Jose Aldo,Chad Mendes,-200,185,Red,46%,92%,"67"" ","70""",Orthodox,49%,100%,"66"" ","66""",Orthodox
Demetrious Johnson,Chris Cariaso,-1450,1150,Red,54%,65%,"63"" ","66""",Orthodox,43%,57%,"63"" ","64""",Southpaw
TJ Dillashaw,Joe Soto,-1100,900,Red,41%,77%,"66"" ","67""",Orthodox,41%,70%,"66"" ","65""",Orthodox
Ning Guangyou,Jianping Yang,205,-225,Red,41%,62%,"64"" ","64""",Southpaw,26%,33%,"67"" ",--,Orthodox
Corey Anderson,Matt Van Buren,-265,245,Red,46%,83%,"75"" ","79""",Orthodox,45%,50%,"77"" ",--,
Dhiego Lima,Eddie Gordon,-150,140,Blue,39%,73%,"74"" ","75""",Orthodox,32%,63%,"72"" ","76""",Orthodox
Chris Weidman,Lyoto Machida,-185,170,Red,45%,72%,"74"" ","78""",Orthodox,53%,75%,"73"" ","74""",Southpaw
Ronda Rousey,Alexis Davis,-900,700,Red,52%,50%,"67"" ","66""",Orthodox,49%,34%,"66"" ","68""",Orthodox
Demetrious Johnson,Ali Bagautinov,-690,560,Red,54%,65%,"63"" ","66""",Orthodox,42%,65%,"64"" ","65""",Orthodox
Vitor Miranda,Antonio Carlos Junior,185,-200,Blue,45%,50%,"73"" ","77""",Orthodox,42%,53%,"74"" ","79""",Orthodox
Marcio Alexandre Junior,Warlley Alves,185,-200,Blue,45%,66%,"72"" ","75""",Southpaw,48%,62%,"71"" ","72""",Orthodox
Renan Barao,TJ Dillashaw,-910,710,Blue,36%,91%,"66"" ","70""",Orthodox,41%,77%,"66"" ","67""",Orthodox
Jon Jones,Glover Teixeira,-440,390,Red,58%,95%,"76"" ","84""",Orthodox,49%,60%,"74"" ","76""",Orthodox
Sheldon Westcott,Elias Theodorou,175,-190,Blue,40%,14%,"73"" ","71""",Southpaw,42%,59%,"73"" ","75""",Orthodox
Chad Laprise,Olivier Aubin-Mercier,145,-155,Red,42%,78%,"70"" ","71""",Orthodox,51%,70%,"69"" ","70""",Southpaw
Johny Hendricks,Robbie Lawler,-365,328,Red,45%,63%,"69"" ","69""",Southpaw,47%,65%,"71"" ","74""",Southpaw
Sai Wang,Zhang Lipeng,-295,265,Blue,46%,77%,"72"" ",--,Southpaw,48%,69%,"71"" ","71""",Southpaw
Ronda Rousey,Sara McMann,-360,325,Red,52%,50%,"67"" ","66""",Orthodox,46%,50%,"66"" ","66""",Orthodox
Renan Barao,Urijah Faber,-335,305,Red,36%,91%,"66"" ","70""",Orthodox,40%,58%,"66"" ","67""",Orthodox
Jose Aldo,Ricardo Lamas,-750,600,Red,46%,92%,"67"" ","70""",Orthodox,47%,46%,"68"" ","71""",Orthodox